Num Features,Test Accuracy mean,Test Accuracy std,F1 Score mean,F1 Score std,Precision mean,Precision std,Recall mean,Recall std,AUC mean,AUC std
0.5,0.698600350174563,0.05773546033452266,0.7002504627843018,0.05585988767649031,0.7274541995308299,0.041183730159434176,0.698600350174563,0.05773546033452266,0.7674104530122542,0.07755768724421622
0.6,0.7078857074959024,0.061139469642266846,0.7096219913276164,0.05976158495193208,0.7354362096446114,0.040061967169966094,0.7078857074959024,0.061139469642266846,0.7699432766848735,0.07274323485979024
0.7,0.7023188056321489,0.07047574825722473,0.7038611305828002,0.06867761163361606,0.7343387374447875,0.04963172663568561,0.7023188056321489,0.07047574825722473,0.7633958625729644,0.08595604538691312
0.8,0.6991450079156226,0.07891704286395175,0.7016956457552282,0.07542688835257717,0.7245321223338641,0.05295700017693932,0.6991450079156226,0.07891704286395175,0.7683819978688231,0.07745778047776418
0.9,0.7013703288216032,0.0684426146571585,0.7030165564354902,0.06657366037683886,0.7316730310083205,0.048501745899059256,0.7013703288216032,0.0684426146571585,0.7614700620662666,0.08452847483616374
