Num Features,Test Accuracy mean,Test Accuracy std,F1 Score mean,F1 Score std,Precision mean,Precision std,Recall mean,Recall std,AUC mean,AUC std
0.5,0.7773563473396126,0.07505542732075338,0.778437311343884,0.07444161181519851,0.7805000964386287,0.0735415692420961,0.7773563473396126,0.07505542732075338,0.8493318300245768,0.08226337259653092
0.6,0.7743369603981611,0.07652717693140834,0.774995086723091,0.07539528725437801,0.7775698158384895,0.07531906884183137,0.7743369603981611,0.07652717693140834,0.8309789480862475,0.08350216062336947
0.7,0.7760334583443862,0.06666205336483876,0.777092570367552,0.06674836544843568,0.7788101642701362,0.06709925816401108,0.7760334583443862,0.06666205336483876,0.8329277963601234,0.08223953401719827
0.8,0.7649938124427971,0.05184170422817879,0.766507014450049,0.051345819769716645,0.7695520234494018,0.050635936217836075,0.7649938124427971,0.05184170422817879,0.8352195665540293,0.07514405842528475
0.9,0.7647483796401348,0.07274019539948105,0.7661370975551914,0.07222029912186484,0.7692707269652154,0.06975706162046251,0.7647483796401348,0.07274019539948105,0.8344402526330909,0.08257387217461047
