Num Features,Test Accuracy mean,Test Accuracy std,F1 Score mean,F1 Score std,Precision mean,Precision std,Recall mean,Recall std,AUC mean,AUC std
0.5,0.7763141729638854,0.044543742361987486,0.776511962184754,0.04369407833031952,0.7909532503965425,0.03600007611518282,0.7763141729638854,0.044543742361987486,0.8665012857932709,0.03550167542174286
0.6,0.7941282773646381,0.03448168910438927,0.7952506849920171,0.03228206280627417,0.8057521854525884,0.025915586362980893,0.7941282773646381,0.03448168910438927,0.8726450623383721,0.03513518204890727
0.7,0.7926127385763344,0.04624131651909713,0.7938628271174023,0.04487789523342072,0.8068973119512277,0.04182537144549069,0.7926127385763344,0.04624131651909713,0.8694029550354504,0.03347372773366838
0.8,0.7954166447622167,0.042179116490916976,0.7959247724407426,0.04211885987240535,0.8054509739309283,0.03829108288946331,0.7954166447622167,0.042179116490916976,0.8650564176708407,0.03433818977010619
0.9,0.790799523404061,0.04054591609487834,0.7915569443030934,0.039411556824553516,0.80293140574325,0.03570707355235349,0.790799523404061,0.04054591609487834,0.8697949172729056,0.03607685114572034
