Num Features,Test Accuracy mean,Test Accuracy std,F1 Score mean,F1 Score std,Precision mean,Precision std,Recall mean,Recall std,AUC mean,AUC std
0.5,0.6738854264424627,0.08358114554651047,0.669557904177378,0.08503967553274937,0.6746731718690462,0.09127682297934818,0.6738854264424627,0.08358114554651047,0.6953509439890079,0.14242566961586317
0.6,0.6670120705269167,0.08490532548508224,0.6631236377700114,0.08587669802572753,0.6673418826747707,0.0914866180834372,0.6670120705269167,0.08490532548508224,0.6911144797509301,0.15157130944477998
0.7,0.6735917722552158,0.09714830010278341,0.6685394577264713,0.09901551571004352,0.6746824911991876,0.10681126623336265,0.6735917722552158,0.09714830010278341,0.6988761344170017,0.14475539852185743
0.8,0.6759272231786426,0.09426715644404664,0.6713921247831257,0.09561834675494639,0.6778199612304695,0.10333991857931915,0.6759272231786426,0.09426715644404664,0.6971019312601086,0.14613654017034416
0.9,0.6642277276096971,0.09041481406132101,0.6598744120636758,0.09150538997815916,0.665685829271921,0.09955840725218773,0.6642277276096971,0.09041481406132101,0.690614574276303,0.14366379015452155
